{
    "client": "Thunder Client",
    "collectionName": "teszt",
    "dateExported": "2023-04-13T20:14:48.605Z",
    "version": "1.1",
    "folders": [],
    "requests": [
        {
            "_id": "0c5e4198-351a-428b-ad18-e07dfafa125a",
            "colId": "166b219f-bb43-434d-9a73-9fb6acc69697",
            "containerId": "",
            "name": "getTermekek",
            "url": "localhost:3000/api/termekek/",
            "method": "GET",
            "sortNum": 10000,
            "created": "2023-03-29T12:57:09.418Z",
            "modified": "2023-03-29T20:32:16.680Z",
            "headers": [],
            "params": [],
            "body": {
                "type": "json",
                "raw": " {\n   \"email\": \"szombathelyi.levente@students.jedlik.eu\",\n  \"password\": \"schulmannrebeka\"\n }",
                "form": []
            },
            "tests": []
        },
        {
            "_id": "5519299d-5850-41ef-91ae-859ad422302b",
            "colId": "166b219f-bb43-434d-9a73-9fb6acc69697",
            "containerId": "",
            "name": "login",
            "url": "localhost:3000/api/auth/login",
            "method": "POST",
            "sortNum": 20000,
            "created": "2023-03-29T14:52:02.703Z",
            "modified": "2023-03-29T20:30:01.414Z",
            "headers": [],
            "params": [],
            "body": {
                "type": "json",
                "raw": "{\n    \"email\":\"szombathelyi.levente@students.jedlik.eu\",\n  \"password\":\"schulmannrebeka\"\n}",
                "form": []
            },
            "auth": {
                "type": "bearer",
                "bearer": "{{TOKEN}}"
            },
            "tests": [
                {
                    "type": "set-env-var",
                    "custom": "json.token",
                    "action": "setto",
                    "value": "{{TOKEN}}"
                }
            ]
        },
        {
            "_id": "3e7698b7-bbb7-40df-8b23-62624287ca59",
            "colId": "166b219f-bb43-434d-9a73-9fb6acc69697",
            "containerId": "",
            "name": "kivanbejelentkezve",
            "url": "localhost:3000/api/auth/me",
            "method": "GET",
            "sortNum": 30000,
            "created": "2023-03-29T14:54:13.700Z",
            "modified": "2023-03-29T20:24:23.559Z",
            "headers": [],
            "params": [],
            "auth": {
                "type": "bearer",
                "bearer": "{{TOKEN}}"
            },
            "tests": []
        },
        {
            "_id": "3602e22a-60b3-477d-8ebd-65875600462b",
            "colId": "166b219f-bb43-434d-9a73-9fb6acc69697",
            "containerId": "",
            "name": "getTermek",
            "url": "localhost:3000/api/termekek/642531f87ee45928a020b43b",
            "method": "GET",
            "sortNum": 40000,
            "created": "2023-03-29T14:56:23.755Z",
            "modified": "2023-04-13T18:06:17.856Z",
            "headers": [],
            "params": [],
            "tests": []
        },
        {
            "_id": "fea57680-532a-4668-90d1-f46a736af192",
            "colId": "166b219f-bb43-434d-9a73-9fb6acc69697",
            "containerId": "",
            "name": "postLemez",
            "url": "localhost:3000/api/lemezek/",
            "method": "POST",
            "sortNum": 60000,
            "created": "2023-03-29T14:57:43.393Z",
            "modified": "2023-04-13T19:37:19.374Z",
            "headers": [],
            "params": [],
            "body": {
                "type": "json",
                "raw": "{\"lemezcim\": \"MEGOLOK VALAKIT\",\n    \"eloado\": \"Nem mukodik\",\n    \"evjarat\": 2023,\n    \"mufaj\": [\n      \"new wave rap\"\n    ],\n    \"zeneszamok\": [\n      \"asd\",\n      \"F*asdas\",\n      \"Poraasdporítás\",\n      \"Huasdor\"\n    ]}",
                "form": []
            },
            "auth": {
                "type": "bearer",
                "bearer": "{{TOKEN}}"
            },
            "tests": []
        },
        {
            "_id": "947279d8-1d4d-4a87-b0a6-a1a4bf6490fc",
            "colId": "166b219f-bb43-434d-9a73-9fb6acc69697",
            "containerId": "",
            "name": "postTermek",
            "url": "localhost:3000/api/lemezek/642531e47ee45928a020b42f/termekek",
            "method": "POST",
            "sortNum": 70000,
            "created": "2023-03-29T15:02:19.107Z",
            "modified": "2023-04-13T19:36:47.443Z",
            "headers": [],
            "params": [],
            "body": {
                "type": "json",
                "raw": "{\n  \"egysegar\": 8000,\n  \"lemezallapot\": \"használt\",\n  \"boritoallapot\": \"használt\",\n  \"leiras\": \"igen\",\n  \"lemezId\": \"642452571861ea4192a8ec95\"\n}",
                "form": []
            },
            "auth": {
                "type": "bearer",
                "bearer": "{{TOKEN}}"
            },
            "tests": []
        },
        {
            "_id": "ba3450a2-704c-4c0d-96ab-090d369d18ea",
            "colId": "166b219f-bb43-434d-9a73-9fb6acc69697",
            "containerId": "",
            "name": "getLemezek",
            "url": "localhost:3000/api/lemezek/642452571861ea4192a8ec95",
            "method": "GET",
            "sortNum": 80000,
            "created": "2023-03-29T15:12:22.995Z",
            "modified": "2023-03-29T15:14:11.221Z",
            "headers": [],
            "params": [],
            "tests": []
        },
        {
            "_id": "35146fc3-6fc6-4415-a77a-59ef68f5c552",
            "colId": "166b219f-bb43-434d-9a73-9fb6acc69697",
            "containerId": "",
            "name": "register",
            "url": "localhost:3000/api/auth/register",
            "method": "POST",
            "sortNum": 90000,
            "created": "2023-03-29T15:51:28.742Z",
            "modified": "2023-03-29T20:16:44.136Z",
            "headers": [],
            "params": [],
            "body": {
                "type": "json",
                "raw": "{\n  \"name\":\"feri\",\n  \"email\":\"milyenferia@gmail.com\",\n  \"password\":\"milyenferi\",\n  \"role\":\"user\"\n  \n}",
                "form": []
            },
            "tests": [
                {
                    "type": "set-env-var",
                    "custom": "json.token",
                    "action": "setto",
                    "value": "{{TOKEN}}"
                }
            ]
        },
        {
            "_id": "834c94d6-344a-45e4-9ad7-5aca70759c1e",
            "colId": "166b219f-bb43-434d-9a73-9fb6acc69697",
            "containerId": "",
            "name": "getLemez",
            "url": "localhost:3000/api/lemezek/642452571861ea4192a8ec95",
            "method": "GET",
            "sortNum": 100000,
            "created": "2023-03-29T15:56:17.130Z",
            "modified": "2023-03-29T15:56:36.800Z",
            "headers": [],
            "params": [],
            "tests": []
        },
        {
            "_id": "026bca8e-cf6a-45e1-85ae-9fb295228914",
            "colId": "166b219f-bb43-434d-9a73-9fb6acc69697",
            "containerId": "",
            "name": "updateLemez",
            "url": "localhost:3000/api/lemezek/64246062d32c63780e581e0d",
            "method": "PUT",
            "sortNum": 110000,
            "created": "2023-03-29T16:30:05.457Z",
            "modified": "2023-03-29T16:36:08.323Z",
            "headers": [],
            "params": [],
            "body": {
                "type": "json",
                "raw": "{\"evjarat\":\"2023\"}",
                "form": []
            },
            "auth": {
                "type": "bearer",
                "bearer": "{{TOKEN}}"
            },
            "tests": []
        },
        {
            "_id": "bdc9ffb3-3b26-4350-bd55-b497939a3df8",
            "colId": "166b219f-bb43-434d-9a73-9fb6acc69697",
            "containerId": "",
            "name": "uploadPost",
            "url": "localhost:3000/api/postok/",
            "method": "POST",
            "sortNum": 120000,
            "created": "2023-04-13T19:12:13.263Z",
            "modified": "2023-04-13T19:39:18.665Z",
            "headers": [],
            "params": [],
            "body": {
                "type": "json",
                "raw": "{\n   \"title\":\"Nem jön hang\",\n   \"description\":\"ASJDFOASJDOJOÉŐAS\"\n}",
                "form": []
            },
            "auth": {
                "type": "bearer",
                "bearer": "{{TOKEN}}"
            },
            "tests": []
        },
        {
            "_id": "39d41250-41e4-4e7b-821d-722b5075ef43",
            "colId": "166b219f-bb43-434d-9a73-9fb6acc69697",
            "containerId": "",
            "name": "getPost",
            "url": "localhost:3000/api/postok/64385f3681363316b8927c30",
            "method": "GET",
            "sortNum": 130000,
            "created": "2023-04-13T19:53:03.099Z",
            "modified": "2023-04-13T20:08:36.015Z",
            "headers": [],
            "params": [],
            "tests": []
        },
        {
            "_id": "fdc9bfd2-b617-4c7a-a4f7-2f998d21d0f6",
            "colId": "166b219f-bb43-434d-9a73-9fb6acc69697",
            "containerId": "",
            "name": "updatePost",
            "url": "localhost:3000/api/postok/64385d80373536ca03fa8ba3",
            "method": "PUT",
            "sortNum": 140000,
            "created": "2023-04-13T19:53:36.798Z",
            "modified": "2023-04-13T19:54:30.439Z",
            "headers": [],
            "params": [],
            "body": {
                "type": "json",
                "raw": "{\n  \"description\":\"asdasd\"\n}",
                "form": []
            },
            "auth": {
                "type": "bearer",
                "bearer": "{{TOKEN}}"
            },
            "tests": []
        },
        {
            "_id": "162867ad-07a2-4644-bf6b-f12b15d32b2c",
            "colId": "166b219f-bb43-434d-9a73-9fb6acc69697",
            "containerId": "",
            "name": "deletePost",
            "url": "localhost:3000/api/postok/64385d80373536ca03fa8ba3",
            "method": "DELETE",
            "sortNum": 150000,
            "created": "2023-04-13T19:54:52.709Z",
            "modified": "2023-04-13T19:55:12.493Z",
            "headers": [],
            "params": [],
            "auth": {
                "type": "bearer",
                "bearer": "{{TOKEN}}"
            },
            "tests": []
        },
        {
            "_id": "2c612e48-79a1-4660-9a43-9708734b9c6e",
            "colId": "166b219f-bb43-434d-9a73-9fb6acc69697",
            "containerId": "",
            "name": "postHozzaszolas",
            "url": "localhost:3000/api/postok/64385f3681363316b8927c30/hozzaszolasok",
            "method": "POST",
            "sortNum": 160000,
            "created": "2023-04-13T20:05:56.861Z",
            "modified": "2023-04-13T20:08:16.113Z",
            "headers": [],
            "params": [],
            "body": {
                "type": "json",
                "raw": "{\"description\":\"ez már valami haver\"}",
                "form": []
            },
            "auth": {
                "type": "bearer",
                "bearer": "{{TOKEN}}"
            },
            "tests": []
        },
        {
            "_id": "6be14aeb-fa94-4c8a-be46-41a9aaf4ddfd",
            "colId": "166b219f-bb43-434d-9a73-9fb6acc69697",
            "containerId": "",
            "name": "updateHozzaszolas",
            "url": "localhost:3000/api/hozzaszolasok/643861303e7db8c086611be6",
            "method": "PUT",
            "sortNum": 170000,
            "created": "2023-04-13T20:10:36.954Z",
            "modified": "2023-04-13T20:11:46.796Z",
            "headers": [],
            "params": [],
            "body": {
                "type": "json",
                "raw": "{\"description\":\"cool\"}",
                "form": []
            },
            "auth": {
                "type": "bearer",
                "bearer": "{{TOKEN}}"
            },
            "tests": []
        },
        {
            "_id": "764c1c8d-9b29-4790-b9a0-5e451096e987",
            "colId": "166b219f-bb43-434d-9a73-9fb6acc69697",
            "containerId": "",
            "name": "deleteHozzaszolas",
            "url": "localhost:3000/api/hozzaszolasok/643861303e7db8c086611be6",
            "method": "DELETE",
            "sortNum": 180000,
            "created": "2023-04-13T20:12:02.118Z",
            "modified": "2023-04-13T20:12:19.104Z",
            "headers": [],
            "params": [],
            "auth": {
                "type": "bearer",
                "bearer": "{{TOKEN}}"
            },
            "tests": []
        }
    ]
}
