{
    "client": "Thunder Client",
    "collectionName": "teszt",
    "dateExported": "2023-03-30T07:05:58.761Z",
    "version": "1.1",
    "folders": [],
    "requests": [
        {
            "_id": "3a313603-4178-427c-bac1-2f915ba0ba19",
            "colId": "67e15489-a84a-47d4-8447-c348d5f5c62d",
            "containerId": "",
            "name": "getTermekek",
            "url": "localhost:3000/api/termekek/",
            "method": "GET",
            "sortNum": 10000,
            "created": "2023-03-30T06:08:58.152Z",
            "modified": "2023-03-30T06:08:58.152Z",
            "headers": [],
            "params": [],
            "body": {
                "type": "json",
                "raw": " {\r\n   \"email\": \"szombathelyi.levente@students.jedlik.eu\",\r\n  \"password\": \"schulmannrebeka\"\r\n }",
                "form": []
            },
            "tests": []
        },
        {
            "_id": "5034ea92-77cd-419a-9ccf-570a3582ac86",
            "colId": "67e15489-a84a-47d4-8447-c348d5f5c62d",
            "containerId": "",
            "name": "login",
            "url": "localhost:3000/api/auth/login",
            "method": "POST",
            "sortNum": 20000,
            "created": "2023-03-30T06:08:58.153Z",
            "modified": "2023-03-30T07:04:28.318Z",
            "headers": [],
            "params": [],
            "body": {
                "type": "json",
                "raw": "{\n  \"email\":\"szombathelyi.levente@students.jedlik.eu\",\n  \"password\":\"schulmannrebeka\"\n}",
                "form": []
            },
            "auth": {
                "type": "bearer",
                "bearer": "{{TOKEN}}"
            },
            "tests": [
                {
                    "type": "set-env-var",
                    "custom": "json.token",
                    "action": "setto",
                    "value": "{{TOKEN}}"
                }
            ]
        },
        {
            "_id": "0212b913-d0f7-40c4-9c05-9c845f23cbfa",
            "colId": "67e15489-a84a-47d4-8447-c348d5f5c62d",
            "containerId": "",
            "name": "ki",
            "url": "localhost:3000/api/auth/me",
            "method": "GET",
            "sortNum": 30000,
            "created": "2023-03-30T06:08:58.154Z",
            "modified": "2023-03-30T06:08:58.154Z",
            "headers": [],
            "params": [],
            "auth": {
                "type": "bearer",
                "bearer": "{{TOKEN}}"
            },
            "tests": []
        },
        {
            "_id": "d8f66ad6-f70c-4ce3-84b1-97d3c29bfdf6",
            "colId": "67e15489-a84a-47d4-8447-c348d5f5c62d",
            "containerId": "",
            "name": "getTermek",
            "url": "localhost:3000/api/termekek/63905ba497975260b19d24d5",
            "method": "GET",
            "sortNum": 40000,
            "created": "2023-03-30T06:08:58.155Z",
            "modified": "2023-03-30T06:08:58.155Z",
            "headers": [],
            "params": [],
            "tests": []
        },
        {
            "_id": "96083818-2811-47ab-ab5b-6807b3b1f91f",
            "colId": "67e15489-a84a-47d4-8447-c348d5f5c62d",
            "containerId": "",
            "name": "postLemez",
            "url": "localhost:3000/api/lemezek/",
            "method": "POST",
            "sortNum": 60000,
            "created": "2023-03-30T06:08:58.156Z",
            "modified": "2023-03-30T06:59:56.951Z",
            "headers": [],
            "params": [],
            "body": {
                "type": "json",
                "raw": "{\n  \"lemezcim\": \"Egy hb a Dohánypajta utcában 2\",\n  \"eloado\": \"XTrunter\",\n  \"evjarat\": \"2023\",\n  \"mufaj\": [\n    \"new wave rap\"\n  ],\n  \"zeneszamok\": [\n    \"Lazulás Barniéknál\",\n    \"F*szvödör\",\n    \"Poratka Szaporítás\",\n    \"HumorPor\"\n  ]\n}",
                "form": []
            },
            "auth": {
                "type": "bearer",
                "bearer": "{{TOKEN}}"
            },
            "tests": []
        },
        {
            "_id": "cab7efde-8a8e-48f0-9388-b40664ba6f75",
            "colId": "67e15489-a84a-47d4-8447-c348d5f5c62d",
            "containerId": "",
            "name": "postTermek",
            "url": "localhost:3000/api/lemezek/6425336ce639f8ae36126db7/termekek",
            "method": "POST",
            "sortNum": 70000,
            "created": "2023-03-30T06:08:58.157Z",
            "modified": "2023-03-30T07:00:25.211Z",
            "headers": [],
            "params": [],
            "body": {
                "type": "json",
                "raw": "{\n  \"egysegar\": 18000,\n  \"lemezallapot\": \"XDDD\",\n  \"boritoallapot\": \"használt\",\n  \"leiras\": \"igen\",\n  \"lemezId\": \"6425336ce639f8ae36126db7\"\n}",
                "form": []
            },
            "auth": {
                "type": "bearer",
                "bearer": "{{TOKEN}}"
            },
            "tests": []
        },
        {
            "_id": "618714dc-88e7-4f46-9b20-0d972457ba3d",
            "colId": "67e15489-a84a-47d4-8447-c348d5f5c62d",
            "containerId": "",
            "name": "getLemezek",
            "url": "localhost:3000/api/lemezek/",
            "method": "GET",
            "sortNum": 80000,
            "created": "2023-03-30T06:08:58.158Z",
            "modified": "2023-03-30T06:16:39.388Z",
            "headers": [],
            "params": [],
            "tests": []
        },
        {
            "_id": "eb6f925a-70a4-4785-90c9-f66470bfa2bb",
            "colId": "67e15489-a84a-47d4-8447-c348d5f5c62d",
            "containerId": "",
            "name": "register",
            "url": "localhost:3000/api/auth/register",
            "method": "POST",
            "sortNum": 90000,
            "created": "2023-03-30T06:08:58.159Z",
            "modified": "2023-03-30T06:08:58.159Z",
            "headers": [],
            "params": [],
            "tests": []
        },
        {
            "_id": "d01121bf-94e8-4a31-92d1-215a8345d589",
            "colId": "67e15489-a84a-47d4-8447-c348d5f5c62d",
            "containerId": "",
            "name": "getLemez",
            "url": "localhost:3000/api/lemezek/6425336ce639f8ae36126db7",
            "method": "GET",
            "sortNum": 100000,
            "created": "2023-03-30T06:16:03.254Z",
            "modified": "2023-03-30T07:00:37.068Z",
            "headers": [],
            "params": [],
            "tests": []
        },
        {
            "_id": "dd6347d6-135f-47d4-8288-e85687e2b850",
            "colId": "67e15489-a84a-47d4-8447-c348d5f5c62d",
            "containerId": "",
            "name": "deleteLemez",
            "url": "localhost:3000/api/lemezek/6425336ce639f8ae36126db7",
            "method": "DELETE",
            "sortNum": 110000,
            "created": "2023-03-30T06:41:47.949Z",
            "modified": "2023-03-30T07:01:09.297Z",
            "headers": [],
            "params": [],
            "auth": {
                "type": "bearer",
                "bearer": "{{TOKEN}}"
            },
            "tests": []
        },
        {
            "_id": "1c237eb0-4939-4ef9-a2e9-caf7e263fca6",
            "colId": "67e15489-a84a-47d4-8447-c348d5f5c62d",
            "containerId": "",
            "name": "deleteTermek",
            "url": "localhost:3000/api/termekek/64253389e639f8ae36126dbb",
            "method": "DELETE",
            "sortNum": 120000,
            "created": "2023-03-30T06:44:46.798Z",
            "modified": "2023-03-30T07:05:28.324Z",
            "headers": [],
            "params": [],
            "auth": {
                "type": "bearer",
                "bearer": "{{TOKEN}}"
            },
            "tests": []
        },
        {
            "_id": "d5076cb5-d150-4428-98cb-7f7144b889b5",
            "colId": "67e15489-a84a-47d4-8447-c348d5f5c62d",
            "containerId": "",
            "name": "updateTermek",
            "url": "localhost:3000/api/termekek/64253389e639f8ae36126dbb",
            "method": "PUT",
            "sortNum": 130000,
            "created": "2023-03-30T07:01:24.982Z",
            "modified": "2023-03-30T07:04:06.107Z",
            "headers": [],
            "params": [],
            "body": {
                "type": "json",
                "raw": "{\"egysegar\":17000}",
                "form": []
            },
            "auth": {
                "type": "bearer",
                "bearer": "{{TOKEN}}"
            },
            "tests": []
        },
        {
            "_id": "8104001d-e238-4f31-9ac6-16d0ec3e2a97",
            "colId": "67e15489-a84a-47d4-8447-c348d5f5c62d",
            "containerId": "",
            "name": "updateLemez",
            "url": "localhost:3000/api/lemezek/6425336ce639f8ae36126db7",
            "method": "PUT",
            "sortNum": 140000,
            "created": "2023-03-30T07:01:32.485Z",
            "modified": "2023-03-30T07:02:39.847Z",
            "headers": [],
            "params": [],
            "body": {
                "type": "json",
                "raw": "{\"evjarat\":2020}",
                "form": []
            },
            "auth": {
                "type": "bearer",
                "bearer": "{{TOKEN}}"
            },
            "tests": []
        }
    ]
}
