{
    "client": "Thunder Client",
    "collectionName": "teszt",
    "dateExported": "2023-04-14T08:44:08.977Z",
    "version": "1.1",
    "folders": [],
    "requests": [
        {
            "_id": "155e588d-e33b-49d7-8be5-2b889c1dc9ae",
            "colId": "4bcce9e2-f575-4138-ab0e-ac3752e2d7aa",
            "containerId": "",
            "name": "getTermekek",
            "url": "localhost:3000/api/termekek/",
            "method": "GET",
            "sortNum": 10000,
            "created": "2023-04-14T08:42:30.655Z",
            "modified": "2023-04-14T08:42:30.655Z",
            "headers": [],
            "params": [],
            "body": {
                "type": "json",
                "raw": " {\n   \"email\": \"szombathelyi.levente@students.jedlik.eu\",\n  \"password\": \"schulmannrebeka\"\n }",
                "form": []
            },
            "tests": []
        },
        {
            "_id": "8625a213-8709-4471-934e-5cd0c01e5d56",
            "colId": "4bcce9e2-f575-4138-ab0e-ac3752e2d7aa",
            "containerId": "",
            "name": "login",
            "url": "localhost:3000/api/auth/login",
            "method": "POST",
            "sortNum": 20000,
            "created": "2023-04-14T08:42:30.656Z",
            "modified": "2023-04-14T08:42:30.656Z",
            "headers": [],
            "params": [],
            "body": {
                "type": "json",
                "raw": "{\n    \"email\":\"szombathelyi.levente@students.jedlik.eu\",\n  \"password\":\"schulmannrebeka\"\n}",
                "form": []
            },
            "auth": {
                "type": "bearer",
                "bearer": "{{TOKEN}}"
            },
            "tests": [
                {
                    "type": "set-env-var",
                    "custom": "json.token",
                    "action": "setto",
                    "value": "{{TOKEN}}"
                }
            ]
        },
        {
            "_id": "d97ba0fd-f91a-4428-881a-ea31a8675a41",
            "colId": "4bcce9e2-f575-4138-ab0e-ac3752e2d7aa",
            "containerId": "",
            "name": "kivanbejelentkezve",
            "url": "localhost:3000/api/auth/me",
            "method": "GET",
            "sortNum": 30000,
            "created": "2023-04-14T08:42:30.657Z",
            "modified": "2023-04-14T08:42:30.657Z",
            "headers": [],
            "params": [],
            "auth": {
                "type": "bearer",
                "bearer": "{{TOKEN}}"
            },
            "tests": []
        },
        {
            "_id": "f48b5a69-b565-4ce9-9044-69356fd162bb",
            "colId": "4bcce9e2-f575-4138-ab0e-ac3752e2d7aa",
            "containerId": "",
            "name": "getTermek",
            "url": "localhost:3000/api/termekek/642531f87ee45928a020b43b",
            "method": "GET",
            "sortNum": 40000,
            "created": "2023-04-14T08:42:30.659Z",
            "modified": "2023-04-14T08:42:30.659Z",
            "headers": [],
            "params": [],
            "tests": []
        },
        {
            "_id": "31023dd5-d8d9-46a9-a980-396b487c5023",
            "colId": "4bcce9e2-f575-4138-ab0e-ac3752e2d7aa",
            "containerId": "",
            "name": "postLemez",
            "url": "localhost:3000/api/lemezek/",
            "method": "POST",
            "sortNum": 60000,
            "created": "2023-04-14T08:42:30.660Z",
            "modified": "2023-04-14T08:42:30.660Z",
            "headers": [],
            "params": [],
            "body": {
                "type": "json",
                "raw": "{\"lemezcim\": \"MEGOLOK VALAKIT\",\n    \"eloado\": \"Nem mukodik\",\n    \"evjarat\": 2023,\n    \"mufaj\": [\n      \"new wave rap\"\n    ],\n    \"zeneszamok\": [\n      \"asd\",\n      \"F*asdas\",\n      \"Poraasdporítás\",\n      \"Huasdor\"\n    ]}",
                "form": []
            },
            "auth": {
                "type": "bearer",
                "bearer": "{{TOKEN}}"
            },
            "tests": []
        },
        {
            "_id": "927f16ed-56d8-4874-8432-975a949c2622",
            "colId": "4bcce9e2-f575-4138-ab0e-ac3752e2d7aa",
            "containerId": "",
            "name": "postTermek",
            "url": "localhost:3000/api/lemezek/642531e47ee45928a020b42f/termekek",
            "method": "POST",
            "sortNum": 70000,
            "created": "2023-04-14T08:42:30.661Z",
            "modified": "2023-04-14T08:42:30.661Z",
            "headers": [],
            "params": [],
            "body": {
                "type": "json",
                "raw": "{\n  \"egysegar\": 8000,\n  \"lemezallapot\": \"használt\",\n  \"boritoallapot\": \"használt\",\n  \"leiras\": \"igen\",\n  \"lemezId\": \"642452571861ea4192a8ec95\"\n}",
                "form": []
            },
            "auth": {
                "type": "bearer",
                "bearer": "{{TOKEN}}"
            },
            "tests": []
        },
        {
            "_id": "def4caab-ef6a-4f26-a01b-44b3559dd85d",
            "colId": "4bcce9e2-f575-4138-ab0e-ac3752e2d7aa",
            "containerId": "",
            "name": "getLemezek",
            "url": "localhost:3000/api/lemezek/642452571861ea4192a8ec95",
            "method": "GET",
            "sortNum": 80000,
            "created": "2023-04-14T08:42:30.662Z",
            "modified": "2023-04-14T08:42:30.662Z",
            "headers": [],
            "params": [],
            "tests": []
        },
        {
            "_id": "99cc6c1b-18fe-4b65-8733-56422a86ce32",
            "colId": "4bcce9e2-f575-4138-ab0e-ac3752e2d7aa",
            "containerId": "",
            "name": "register",
            "url": "localhost:3000/api/auth/register",
            "method": "POST",
            "sortNum": 90000,
            "created": "2023-04-14T08:42:30.663Z",
            "modified": "2023-04-14T08:42:30.663Z",
            "headers": [],
            "params": [],
            "body": {
                "type": "json",
                "raw": "{\n  \"name\":\"feri\",\n  \"email\":\"milyenferia@gmail.com\",\n  \"password\":\"milyenferi\",\n  \"role\":\"user\"\n  \n}",
                "form": []
            },
            "tests": [
                {
                    "type": "set-env-var",
                    "custom": "json.token",
                    "action": "setto",
                    "value": "{{TOKEN}}"
                }
            ]
        },
        {
            "_id": "b03790fd-3363-4009-b26c-8b8afa81f030",
            "colId": "4bcce9e2-f575-4138-ab0e-ac3752e2d7aa",
            "containerId": "",
            "name": "getLemez",
            "url": "localhost:3000/api/lemezek/642452571861ea4192a8ec95",
            "method": "GET",
            "sortNum": 100000,
            "created": "2023-04-14T08:42:30.664Z",
            "modified": "2023-04-14T08:42:30.664Z",
            "headers": [],
            "params": [],
            "tests": []
        },
        {
            "_id": "49c65102-678a-4af2-bbcc-c5f93d4f6081",
            "colId": "4bcce9e2-f575-4138-ab0e-ac3752e2d7aa",
            "containerId": "",
            "name": "updateLemez",
            "url": "localhost:3000/api/lemezek/64246062d32c63780e581e0d",
            "method": "PUT",
            "sortNum": 110000,
            "created": "2023-04-14T08:42:30.665Z",
            "modified": "2023-04-14T08:42:30.665Z",
            "headers": [],
            "params": [],
            "body": {
                "type": "json",
                "raw": "{\"evjarat\":\"2023\"}",
                "form": []
            },
            "auth": {
                "type": "bearer",
                "bearer": "{{TOKEN}}"
            },
            "tests": []
        },
        {
            "_id": "fa68fbf0-ac90-4493-b3bd-9f433da9c705",
            "colId": "4bcce9e2-f575-4138-ab0e-ac3752e2d7aa",
            "containerId": "",
            "name": "uploadPost",
            "url": "localhost:3000/api/postok/",
            "method": "POST",
            "sortNum": 120000,
            "created": "2023-04-14T08:42:30.666Z",
            "modified": "2023-04-14T08:42:30.666Z",
            "headers": [],
            "params": [],
            "body": {
                "type": "json",
                "raw": "{\n   \"title\":\"Nem jön hang\",\n   \"description\":\"ASJDFOASJDOJOÉŐAS\"\n}",
                "form": []
            },
            "auth": {
                "type": "bearer",
                "bearer": "{{TOKEN}}"
            },
            "tests": []
        },
        {
            "_id": "858999b4-23be-4a1c-b76e-f0391775cd2f",
            "colId": "4bcce9e2-f575-4138-ab0e-ac3752e2d7aa",
            "containerId": "",
            "name": "getPost",
            "url": "localhost:3000/api/postok/64385f3681363316b8927c30",
            "method": "GET",
            "sortNum": 130000,
            "created": "2023-04-14T08:42:30.667Z",
            "modified": "2023-04-14T08:42:30.667Z",
            "headers": [],
            "params": [],
            "tests": []
        },
        {
            "_id": "902ae1fe-8cb7-4a71-8607-da28c78b4580",
            "colId": "4bcce9e2-f575-4138-ab0e-ac3752e2d7aa",
            "containerId": "",
            "name": "updatePost",
            "url": "localhost:3000/api/postok/64385d80373536ca03fa8ba3",
            "method": "PUT",
            "sortNum": 140000,
            "created": "2023-04-14T08:42:30.668Z",
            "modified": "2023-04-14T08:42:30.668Z",
            "headers": [],
            "params": [],
            "body": {
                "type": "json",
                "raw": "{\n  \"description\":\"asdasd\"\n}",
                "form": []
            },
            "auth": {
                "type": "bearer",
                "bearer": "{{TOKEN}}"
            },
            "tests": []
        },
        {
            "_id": "4e92067c-5a51-4664-9bee-3413d8d9921f",
            "colId": "4bcce9e2-f575-4138-ab0e-ac3752e2d7aa",
            "containerId": "",
            "name": "deletePost",
            "url": "localhost:3000/api/postok/64385d80373536ca03fa8ba3",
            "method": "DELETE",
            "sortNum": 150000,
            "created": "2023-04-14T08:42:30.669Z",
            "modified": "2023-04-14T08:42:30.669Z",
            "headers": [],
            "params": [],
            "auth": {
                "type": "bearer",
                "bearer": "{{TOKEN}}"
            },
            "tests": []
        },
        {
            "_id": "8dbb5599-863d-47bb-8cdf-b82d21d4a1f0",
            "colId": "4bcce9e2-f575-4138-ab0e-ac3752e2d7aa",
            "containerId": "",
            "name": "postHozzaszolas",
            "url": "localhost:3000/api/postok/64385f3681363316b8927c30/hozzaszolasok",
            "method": "POST",
            "sortNum": 160000,
            "created": "2023-04-14T08:42:30.670Z",
            "modified": "2023-04-14T08:42:30.670Z",
            "headers": [],
            "params": [],
            "body": {
                "type": "json",
                "raw": "{\"description\":\"ez már valami haver\"}",
                "form": []
            },
            "auth": {
                "type": "bearer",
                "bearer": "{{TOKEN}}"
            },
            "tests": []
        },
        {
            "_id": "5f39d008-9d4a-4031-bc1f-528be6e13dc2",
            "colId": "4bcce9e2-f575-4138-ab0e-ac3752e2d7aa",
            "containerId": "",
            "name": "updateHozzaszolas",
            "url": "localhost:3000/api/hozzaszolasok/643861303e7db8c086611be6",
            "method": "PUT",
            "sortNum": 170000,
            "created": "2023-04-14T08:42:30.671Z",
            "modified": "2023-04-14T08:42:30.671Z",
            "headers": [],
            "params": [],
            "body": {
                "type": "json",
                "raw": "{\"description\":\"cool\"}",
                "form": []
            },
            "auth": {
                "type": "bearer",
                "bearer": "{{TOKEN}}"
            },
            "tests": []
        },
        {
            "_id": "883ae62a-a7c3-47ad-bac7-581091921f31",
            "colId": "4bcce9e2-f575-4138-ab0e-ac3752e2d7aa",
            "containerId": "",
            "name": "deleteHozzaszolas",
            "url": "localhost:3000/api/hozzaszolasok/643861303e7db8c086611be6",
            "method": "DELETE",
            "sortNum": 180000,
            "created": "2023-04-14T08:42:30.672Z",
            "modified": "2023-04-14T08:42:30.672Z",
            "headers": [],
            "params": [],
            "auth": {
                "type": "bearer",
                "bearer": "{{TOKEN}}"
            },
            "tests": []
        },
        {
            "_id": "419ea75c-61c9-4781-bc58-7366ac72bb9a",
            "colId": "4bcce9e2-f575-4138-ab0e-ac3752e2d7aa",
            "containerId": "",
            "name": "putKep",
            "url": "localhost:3000/api/lemezek/id/photo",
            "method": "PUT",
            "sortNum": 190000,
            "created": "2023-04-14T08:42:43.958Z",
            "modified": "2023-04-14T08:43:18.800Z",
            "headers": [],
            "params": [],
            "tests": []
        }
    ]
}
